Speaker,Foot,Info_str,Place,GDUR,PVEL,T2PVEL,MDISP
F1,Trochee,Bck,Tongue tip,68,37.18,20,1.9
F1,Trochee,Nrw,Tongue tip,56,71.32,20,2.7
F1,Dactyl,Nrw,Tongue tip,40,31.13,24,0.9
F1,Trochee,Cntr,Tongue tip,100,77.08,64,5.4
F1,Dactyl,Cntr,Tongue tip,108,73.69,56,5.2
F1,Dactyl,Brd,Tongue tip,84,69.94,24,3.3
F1,Trochee,Brd,Tongue tip,32,47.27,16,1.2
F1,Trochee,Bck,Tongue tip,76,40.18,20,2.2
F1,Trochee,Brd,Tongue tip,36,28.37,16,0.7
F1,Trochee,Nrw,Tongue tip,96,32.69,72,2.3
F1,Dactyl,Brd,Tongue tip,60,32.21,28,1.4
F1,Dactyl,Bck,Tongue tip,84,58.19,48,3.3
F1,Trochee,Cntr,Tongue tip,100,41.33,68,2.7
F1,Trochee,Brd,Tongue tip,64,41.4,20,1.8
F1,Trochee,Cntr,Tongue tip,96,42.3,76,2.6
F1,Dactyl,Nrw,Tongue tip,48,42.5,32,1.4
F1,Trochee,Nrw,Tongue tip,92,49.05,56,3.3
F1,Dactyl,Brd,Tongue tip,88,55.24,56,3.3
F1,Dactyl,Cntr,Tongue tip,128,44.89,96,4
F1,Dactyl,Bck,Tongue tip,84,88.08,48,4.9
F1,Trochee,Bck,Tongue tip,60,30.31,20,1.2
F1,Trochee,Nrw,Tongue tip,108,49.33,84,3.2
F1,Dactyl,Bck,Tongue tip,100,45.85,60,2.7
F1,Dactyl,Nrw,Tongue tip,88,24.25,44,1.5
F1,Dactyl,Brd,Tongue tip,92,33.54,48,2.4
F1,Dactyl,Cntr,Tongue tip,112,43.77,84,3.9
F1,Trochee,Cntr,Tongue tip,100,37.89,76,2.9
F1,Trochee,Brd,Tongue tip,84,56.78,20,2.9
F1,Trochee,Bck,Tongue tip,76,38.17,52,2.2
F1,Dactyl,Nrw,Tongue tip,60,28.06,28,1.3
F1,Dactyl,Cntr,Tongue tip,112,50.15,80,3.7
F1,Dactyl,Bck,Tongue tip,88,55.88,52,3
F1,Trochee,Nrw,Tongue tip,92,50.95,60,2.7
F1,Dactyl,Brd,Tongue tip,44,49.55,28,1.7
F1,Trochee,Brd,Tongue tip,84,30.36,56,1.9
F1,Trochee,Cntr,Tongue tip,92,47.92,60,2.3
F1,Trochee,Bck,Tongue tip,76,30.98,56,1.5
F1,Trochee,Brd,Tongue tip,32,46.35,24,1.1
F1,Dactyl,Bck,Tongue tip,96,29.25,68,1.7
F1,Dactyl,Nrw,Tongue tip,112,46.99,88,3.6
F1,Trochee,Cntr,Tongue tip,88,53.28,56,3.1
F1,Trochee,Bck,Tongue tip,84,43.68,52,2.3
F1,Dactyl,Cntr,Tongue tip,108,52.84,88,4
F1,Dactyl,Brd,Tongue tip,64,48.46,32,2.2
F1,Trochee,Nrw,Tongue tip,72,34.83,48,2
F1,Trochee,Cntr,Tongue tip,104,25.3,60,2
F1,Trochee,Nrw,Tongue tip,88,24.25,60,1
F1,Trochee,Brd,Tongue tip,80,31.12,56,1.5
F1,Dactyl,Bck,Tongue tip,108,55.14,72,3.4
F1,Dactyl,Nrw,Tongue tip,96,44.31,52,2.7
F1,Trochee,Bck,Tongue tip,76,42.31,20,2.4
F1,Dactyl,Cntr,Tongue tip,132,38.36,92,2.8
F1,Trochee,Bck,Lower lip,86,74.96,42,3.2
F1,Dactyl,Nrw,Lower lip,72,42.59,28,0.8
F1,Trochee,Nrw,Lower lip,81.4,78.53,33.4,2.9
F1,Trochee,Cntr,Lower lip,65,68.32,29,2.2
F1,Dactyl,Cntr,Lower lip,72,47.72,44,1.4
F1,Dactyl,Bck,Lower lip,68,37.64,48,0.2
F1,Dactyl,Cntr,Lower lip,60,45.13,28,1.1
F1,Trochee,Bck,Lower lip,76,53.9,36,1.8
F1,Trochee,Nrw,Lower lip,80.3,61.72,36.3,2.8
F1,Trochee,Cntr,Lower lip,88,82.85,52,4
F1,Dactyl,Brd,Lower lip,64,33.85,36,-0.7
F1,Dactyl,Nrw,Lower lip,68,33.95,48,-0.2
F1,Dactyl,Bck,Lower lip,76.2,43.97,36.2,1.2
F1,Dactyl,Nrw,Lower lip,80,75.96,40,2.4
F1,Trochee,Brd,Lower lip,88,51.71,40,2.5
F1,Dactyl,Brd,Lower lip,64,24.69,28,-0.2
F1,Trochee,Cntr,Lower lip,74,45.06,50,1.8
F1,Trochee,Bck,Lower lip,60,35.98,36,0.9
F1,Trochee,Nrw,Lower lip,92,66.07,56,3.1
F1,Dactyl,Bck,Lower lip,56,34.8,32,-0.1
F1,Dactyl,Cntr,Lower lip,68,43.55,40,0
F1,Dactyl,Nrw,Lower lip,68,55.81,40,1
F1,Dactyl,Bck,Lower lip,80,51.6,48,0.5
F1,Dactyl,Cntr,Lower lip,76,47.17,52,1.1
F1,Trochee,Brd,Lower lip,99.2,78.56,59.2,5.2
F1,Trochee,Cntr,Lower lip,64,40.42,36,1
F1,Dactyl,Brd,Lower lip,60,32.89,32,-0.2
F1,Trochee,Bck,Lower lip,60.6,46.18,32.6,1.7
F1,Trochee,Nrw,Lower lip,76,77.32,44,3.2
F1,Dactyl,Cntr,Lower lip,85.7,55.73,49.7,2.1
F1,Dactyl,Nrw,Lower lip,100,60.39,44,1.4
F1,Trochee,Brd,Lower lip,92,65.21,56,4.1
F1,Trochee,Cntr,Lower lip,68,46.35,40,1.7
F1,Dactyl,Brd,Lower lip,65.1,34.98,37.1,-0.2
F1,Dactyl,Bck,Lower lip,64,44.22,36,-0.1
F1,Trochee,Bck,Lower lip,64,22.03,28,0.8
F1,Trochee,Nrw,Lower lip,80,58.32,36,2.6
F1,Dactyl,Nrw,Lower lip,72,48.97,44,0.6
F1,Trochee,Nrw,Lower lip,64,63.6,36,1.7
F1,Trochee,Bck,Lower lip,84,50.31,36,2.1
F1,Trochee,Cntr,Lower lip,72,37.81,48,1.8
F1,Dactyl,Cntr,Lower lip,64,42.24,36,0.6
F1,Trochee,Brd,Lower lip,76,65.53,40,1.4
F1,Dactyl,Brd,Lower lip,128,66.28,100,-3.7
F1,Trochee,Bck,Lower lip,56,54.94,28,2.1
F1,Trochee,Brd,Lower lip,64,35.07,32,0.9
F1,Trochee,Nrw,Lower lip,72,30.53,24,0.8
F1,Dactyl,Bck,Lower lip,72,45.28,48,-0.3
F1,Dactyl,Nrw,Lower lip,76,51.63,48,0.7
F1,Trochee,Cntr,Lower lip,96,78.49,36,3.2
F1,Dactyl,Brd,Lower lip,52,28.13,24,-0.3
F1,Trochee,Bck,Tongue body,128,110.93,44,8.7
F1,Dactyl,Nrw,Tongue body,144,120.14,52,10.5
F1,Dactyl,Cntr,Tongue body,112,104.44,48,7.6
F1,Trochee,Brd,Tongue body,88,103.46,40,5.5
F1,Dactyl,Brd,Tongue body,100,112.41,56,6.7
F1,Trochee,Nrw,Tongue body,140,106.63,76,8.1
F1,Dactyl,Bck,Tongue body,132,99.82,48,7.7
F1,Trochee,Cntr,Tongue body,128,122.4,56,8.7
F1,Dactyl,Cntr,Tongue body,116,124.57,64,10
F1,Trochee,Brd,Tongue body,96,142.69,44,7.8
F1,Trochee,Bck,Tongue body,76,72.92,52,3.9
F1,Trochee,Cntr,Tongue body,104,101.18,56,6.7
F1,Dactyl,Nrw,Tongue body,128,112.2,60,9
F1,Dactyl,Brd,Tongue body,112,65.28,48,5
F1,Trochee,Nrw,Tongue body,108,125.15,44,8.8
F1,Trochee,Brd,Tongue body,108,84.97,44,5.7
F1,Dactyl,Cntr,Tongue body,100,62.14,64,4.5
F1,Trochee,Nrw,Tongue body,72,77.44,52,3.7
F1,Dactyl,Nrw,Tongue body,72,79.86,52,3.8
F1,Dactyl,Nrw,Tongue body,136,95.8,52,8.1
F1,Dactyl,Bck,Tongue body,136,77.72,52,6.9
F1,Trochee,Bck,Tongue body,96,73.01,72,4.6
F1,Trochee,Cntr,Tongue body,132,137.76,72,8.6
F1,Trochee,Brd,Tongue body,96,103.22,40,6.2
F1,Dactyl,Cntr,Tongue body,100,94.39,44,6.5
F1,Dactyl,Brd,Tongue body,104,76.9,48,4.5
F1,Trochee,Nrw,Tongue body,116,87.57,52,7.3
F1,Dactyl,Nrw,Tongue body,132,50.68,76,4.7
F1,Dactyl,Brd,Tongue body,112,77.69,48,5.5
F1,Trochee,Nrw,Tongue body,112,86.77,44,6.4
F1,Dactyl,Cntr,Tongue body,132,96.52,60,8.8
F1,Dactyl,Bck,Tongue body,148,69.77,64,6.7
F1,Trochee,Bck,Tongue body,160,102.13,108,8.9
F1,Trochee,Brd,Tongue body,100,90.67,48,5.8
F1,Trochee,Bck,Tongue body,132,128.26,48,10
F1,Trochee,Nrw,Tongue body,116,126.4,52,9.6
F1,Dactyl,Cntr,Tongue body,156,106.79,68,10.9
F1,Trochee,Cntr,Tongue body,140,107.02,44,9.2
F1,Dactyl,Nrw,Tongue body,144,130.1,52,12
F1,Dactyl,Brd,Tongue body,92,86.95,56,5
F1,Dactyl,Bck,Tongue body,60,52.83,40,2.2
F1,Dactyl,Bck,Tongue body,136,95.88,60,8.4
F1,Trochee,Bck,Tongue body,76,75.07,48,3.9
F1,Trochee,Cntr,Tongue body,112,86.64,44,6
F1,Trochee,Nrw,Tongue body,120,52.98,52,4.3
F1,Dactyl,Brd,Tongue body,120,61.51,76,4
F1,Dactyl,Cntr,Tongue body,124,93.16,68,7.1
F1,Trochee,Brd,Tongue body,100,155.01,52,9.5
F2,Dactyl,Nrw,Tongue body,148,138.51,64,11.6
F2,Trochee,Bck,Lower lip,56,126.86,36,4.2
F2,Trochee,Bck,Tongue tip,88,123.37,52,6.6
F2,Trochee,Bck,Tongue body,156,146.04,80,12.2
F2,Trochee,Brd,Lower lip,56,119.58,28,4.2
F2,Dactyl,Cntr,Lower lip,76,141.66,44,6.2
F2,Trochee,Brd,Tongue tip,84,104.33,32,6.1
F2,Dactyl,Bck,Lower lip,68,105.97,40,4.4
F2,Dactyl,Cntr,Tongue body,156,166.35,72,13.9
F2,Dactyl,Bck,Tongue body,124,136.03,64,10.8
F2,Trochee,Nrw,Lower lip,48,128.21,32,4
F2,Trochee,Nrw,Tongue tip,116,133.65,76,7.2
F2,Dactyl,Brd,Tongue tip,92,67.23,60,4.1
F2,Trochee,Nrw,Tongue body,152,185.78,80,14.6
F2,Dactyl,Brd,Tongue body,140,163.03,68,12.5
F2,Dactyl,Brd,Lower lip,52,98.3,32,3.3
F2,Dactyl,Bck,Tongue tip,92,95.66,52,5.2
F2,Dactyl,Nrw,Lower lip,80,91.57,48,4.2
F2,Trochee,Cntr,Tongue body,156,166.47,84,14.5
F2,Trochee,Cntr,Lower lip,84,137.37,52,6.7
F2,Trochee,Brd,Tongue body,132,165.04,64,12.3
F2,Trochee,Cntr,Lower lip,88,155.43,44,7.9
F2,Dactyl,Nrw,Tongue body,148,92.55,64,8.2
F2,Dactyl,Nrw,Tongue tip,60,144.91,32,5.1
F2,Dactyl,Brd,Tongue body,140,121.26,64,9.4
F2,Dactyl,Bck,Lower lip,72,81.13,36,3.7
F2,Dactyl,Cntr,Tongue body,152,117.45,84,11
F2,Trochee,Bck,Tongue body,136,118.68,64,9.8
F2,Trochee,Bck,Tongue tip,72,115.76,48,3.7
F2,Dactyl,Cntr,Lower lip,84,79.36,32,3.6
F2,Trochee,Bck,Lower lip,60,58.11,40,2.3
F2,Dactyl,Bck,Tongue body,108,57.48,52,4.8
F2,Trochee,Cntr,Tongue body,108,140.51,68,9.5
F2,Dactyl,Brd,Lower lip,60,66.47,36,2.4
F2,Trochee,Nrw,Tongue tip,68,109.37,48,3.5
F2,Trochee,Brd,Tongue body,148,123.65,64,9.5
F2,Trochee,Cntr,Tongue tip,92,113.18,76,3
F2,Trochee,Brd,Lower lip,72,103.72,44,4.3
F2,Dactyl,Cntr,Tongue tip,96,190.34,68,6.4
F2,Dactyl,Brd,Tongue tip,52,120.97,28,3.9
F2,Trochee,Nrw,Lower lip,72,105.97,40,4.7
F2,Trochee,Nrw,Tongue body,148,117.84,52,9.4
F2,Dactyl,Nrw,Lower lip,96,93.2,40,5.6
F2,Dactyl,Bck,Tongue tip,60,181.09,36,6.6
F2,Trochee,Brd,Tongue tip,100,148.12,72,5
F2,Dactyl,Nrw,Tongue tip,96,126.72,68,4.8
F2,Dactyl,Cntr,Lower lip,60,93.07,32,3.4
F2,Trochee,Brd,Tongue tip,84,114.93,68,2.8
F2,Trochee,Cntr,Tongue body,160,141.4,80,12
F2,Dactyl,Bck,Tongue body,160,80.68,64,9.5
F2,Dactyl,Brd,Lower lip,64,81.37,36,3.3
F2,Dactyl,Bck,Tongue tip,92,153.73,56,6.4
F2,Dactyl,Cntr,Tongue body,136,133.23,60,11.2
F2,Trochee,Nrw,Tongue body,152,122.53,72,9.6
F2,Trochee,Brd,Tongue body,120,98.1,60,7.4
F2,Dactyl,Nrw,Tongue body,112,102.79,68,7.9
F2,Trochee,Nrw,Tongue tip,108,114.38,80,3.3
F2,Trochee,Bck,Tongue tip,144,164.93,100,7.7
F2,Trochee,Cntr,Lower lip,88,122.53,40,6.7
F2,Dactyl,Brd,Tongue body,116,91.26,84,7.6
F2,Trochee,Bck,Lower lip,80,72.25,40,3.5
F2,Trochee,Nrw,Lower lip,48,84.43,40,2.7
F2,Trochee,Cntr,Tongue tip,96,155.75,76,4.8
F2,Trochee,Brd,Lower lip,84,86.82,48,4.8
F2,Trochee,Bck,Tongue body,108,112.3,64,7.6
F2,Dactyl,Nrw,Lower lip,80,144.96,56,7.9
F2,Dactyl,Cntr,Tongue tip,60,199.32,28,7.1
F2,Dactyl,Bck,Lower lip,72,41.35,32,2
F2,Trochee,Brd,Tongue tip,92,115.36,64,4.1
F2,Dactyl,Nrw,Tongue tip,56,94.33,32,3.3
F2,Trochee,Bck,Lower lip,68,50.6,36,2.4
F2,Trochee,Nrw,Tongue body,136,129.34,52,11
F2,Dactyl,Brd,Tongue tip,52,93.63,28,3.1
F2,Trochee,Bck,Tongue body,124,106.58,64,8.9
F2,Trochee,Brd,Tongue body,132,125.68,72,9.6
F2,Dactyl,Brd,Lower lip,84,92.82,32,4.6
F2,Trochee,Cntr,Tongue body,140,130.78,60,10.3
F2,Trochee,Nrw,Tongue tip,92,157.22,64,5.2
F2,Dactyl,Cntr,Tongue body,168,116.21,80,10.4
F2,Dactyl,Bck,Tongue body,112,90.74,56,6.6
F2,Dactyl,Bck,Lower lip,76,59.05,28,3
F2,Trochee,Cntr,Lower lip,92,95.48,36,5.5
F2,Dactyl,Cntr,Tongue tip,92,118.79,36,5.7
F2,Trochee,Cntr,Tongue tip,108,144.66,72,6.4
F2,Trochee,Nrw,Lower lip,84,123.75,40,7.1
F2,Dactyl,Brd,Tongue body,136,99.95,68,8.2
F2,Dactyl,Nrw,Tongue body,116,66.16,52,5
F2,Dactyl,Cntr,Lower lip,56,102.52,40,3.6
F2,Dactyl,Nrw,Lower lip,108,54.76,48,4.4
F2,Trochee,Brd,Lower lip,88,85.23,44,4.9
F2,Trochee,Bck,Tongue tip,100,84.03,68,4
F2,Dactyl,Bck,Tongue tip,88,117.02,64,4.4
F2,Dactyl,Nrw,Lower lip,64,102.56,40,4.1
F2,Trochee,Brd,Lower lip,84,91.92,40,4.8
F2,Dactyl,Bck,Tongue tip,88,68.7,52,3.5
F2,Dactyl,Cntr,Tongue tip,112,141.23,80,5.7
F2,Trochee,Brd,Tongue body,148,118.63,72,9.7
F2,Dactyl,Bck,Lower lip,88,85.15,44,4.8
F2,Trochee,Nrw,Lower lip,88,108.53,36,5.5
F2,Dactyl,Cntr,Tongue body,156,85.63,76,8.5
F2,Trochee,Cntr,Tongue body,136,105.61,72,8.9
F2,Trochee,Bck,Tongue tip,96,135.83,72,4.5
F2,Dactyl,Brd,Tongue body,124,86.32,64,6.7
F2,Trochee,Nrw,Tongue tip,104,161.89,84,4.9
F2,Trochee,Nrw,Tongue body,156,82.7,104,7.5
F2,Dactyl,Bck,Tongue body,184,103.96,84,10.5
F2,Trochee,Bck,Lower lip,60,97.4,36,3.6
F2,Trochee,Cntr,Lower lip,84,95.48,32,5.2
F2,Dactyl,Brd,Tongue tip,52,117.62,28,3.9
F2,Dactyl,Cntr,Lower lip,80,53.16,32,3.2
F2,Dactyl,Nrw,Tongue tip,56,103.56,28,3.6
F2,Trochee,Brd,Tongue tip,96,106.9,76,3.5
F2,Trochee,Cntr,Tongue tip,100,87.34,72,4
F2,Dactyl,Brd,Lower lip,64,56.09,32,2.4
F2,Trochee,Bck,Tongue tip,92,119.45,68,5.3
F2,Dactyl,Brd,Tongue body,108,94.5,56,6.8
F2,Trochee,Cntr,Tongue body,148,110.47,76,9
F2,Trochee,Nrw,Tongue tip,64,70.49,36,3
F2,Dactyl,Bck,Tongue tip,80,139.55,56,4.6
F2,Trochee,Brd,Tongue tip,104,63.19,80,1.7
F2,Dactyl,Nrw,Tongue tip,52,87.98,36,2.6
F2,Dactyl,Cntr,Tongue body,128,93.46,60,7.5
F2,Dactyl,Brd,Lower lip,72,53.63,36,2.7
F2,Trochee,Cntr,Lower lip,88,87.52,36,5
F2,Dactyl,Bck,Lower lip,48,45.3,28,1.6
F2,Trochee,Bck,Lower lip,104,79.67,48,4.6
F2,Trochee,Cntr,Tongue tip,76,154.72,52,5
F2,Trochee,Bck,Tongue body,128,128.98,68,10.2
F2,Dactyl,Cntr,Lower lip,92,58.72,48,3.5
F2,Trochee,Nrw,Tongue body,140,114.6,72,8.8
F2,Dactyl,Brd,Tongue tip,72,170.93,48,5.6
F2,Dactyl,Nrw,Lower lip,88,78.45,40,4.2
F2,Trochee,Brd,Lower lip,76,87.7,40,4.4
F2,Dactyl,Bck,Tongue body,132,96.84,60,7.8
F2,Dactyl,Nrw,Tongue body,120,78.31,80,5.9
F2,Trochee,Nrw,Lower lip,124,61.49,48,5.1
F2,Trochee,Bck,Tongue tip,76,145.16,56,5.3
F2,Trochee,Nrw,Lower lip,64,68.84,36,2.8
F2,Dactyl,Nrw,Tongue body,132,80.71,64,6.8
F2,Dactyl,Nrw,Tongue tip,52,125.34,28,4.2
F2,Dactyl,Cntr,Tongue tip,56,157.26,28,5.3
F2,Trochee,Brd,Lower lip,104,106.44,52,7.3
F2,Dactyl,Bck,Tongue tip,96,120.19,64,5.7
F2,Trochee,Bck,Tongue body,164,94.43,60,9.2
F2,Trochee,Brd,Tongue body,112,83.5,48,6
F2,Dactyl,Nrw,Lower lip,100,64.56,52,4.3
F2,Trochee,Cntr,Tongue body,144,112.1,60,9.6
F2,Dactyl,Bck,Lower lip,76,22.4,56,1.3
F2,Trochee,Bck,Lower lip,96,61.86,36,3.5
F2,Trochee,Cntr,Tongue tip,88,194.53,56,7.8
F2,Dactyl,Cntr,Lower lip,100,96.28,44,5.2
F2,Dactyl,Bck,Tongue body,132,103.55,68,8.4
F2,Trochee,Brd,Tongue tip,80,126.19,60,4.5
F2,Dactyl,Brd,Tongue body,116,106.73,64,7.8
F2,Dactyl,Brd,Lower lip,64,38.6,28,1.7
F2,Trochee,Cntr,Lower lip,76,64.34,40,3.3
F2,Dactyl,Brd,Tongue tip,68,112.44,44,3.9
F2,Trochee,Nrw,Tongue body,144,103.65,60,8.2
F2,Dactyl,Cntr,Tongue body,144,88.59,64,8.5
M1,Dactyl,Nrw,Lower lip,96,111.06,52,6.3
M1,Trochee,Nrw,Tongue tip,40,113.26,32,3.2
M1,Trochee,Brd,Tongue body,220,116.42,124,12.5
M1,Dactyl,Bck,Tongue tip,100,89.72,68,4.1
M1,Trochee,Bck,Tongue body,84,78.41,68,4
M1,Dactyl,Brd,Tongue body,160,82.28,88,8.7
M1,Trochee,Bck,Lower lip,140,90.63,52,8.5
M1,Dactyl,Brd,Tongue tip,100,91.82,64,4.8
M1,Trochee,Brd,Tongue tip,76,148.42,44,7.4
M1,Trochee,Cntr,Tongue tip,99.9,87.08,65.2,7.4
M1,Trochee,Cntr,Lower lip,128,78.83,72,6.7
M1,Dactyl,Cntr,Lower lip,104,102.9,64,7.4
M1,Dactyl,Nrw,Tongue body,96,55.68,68,3.2
M1,Trochee,Cntr,Tongue body,108,96.58,96,5.5
M1,Dactyl,Bck,Tongue body,76,72.29,56,3.3
M1,Trochee,Bck,Tongue tip,52,60.55,16,2.7
M1,Dactyl,Cntr,Tongue body,84,95.36,60,4.7
M1,Dactyl,Bck,Lower lip,104,118.97,60,8.3
M1,Trochee,Nrw,Tongue body,120,86.49,100,5.6
M1,Trochee,Nrw,Lower lip,140,71.56,92,5.1
M1,Dactyl,Brd,Lower lip,144,88.58,100,6.4
M1,Trochee,Brd,Tongue body,188,97.94,92,9.3
M1,Dactyl,Bck,Lower lip,84,27.38,40,1.6
M1,Trochee,Brd,Lower lip,108,84.86,48,5.9
M1,Dactyl,Brd,Lower lip,100,102.6,52,5.5
M1,Dactyl,Nrw,Tongue body,84,58.2,64,3
M1,Trochee,Brd,Tongue tip,108,120.19,68,8
M1,Dactyl,Bck,Tongue tip,96,18.03,64,1.3
M1,Dactyl,Cntr,Tongue tip,84,25.32,60,1.6
M1,Dactyl,Cntr,Lower lip,108,97.52,80,6.9
M1,Trochee,Nrw,Lower lip,80,71.56,40,4.3
M1,Trochee,Cntr,Lower lip,88,96.38,52,5.6
M1,Dactyl,Brd,Tongue tip,96,104.34,60,5.3
M1,Dactyl,Cntr,Tongue body,176,61.72,84,5.5
M1,Dactyl,Nrw,Tongue tip,100,66.03,68,4.3
M1,Trochee,Bck,Tongue body,132,52.73,70.6,5.9
M1,Dactyl,Bck,Tongue body,60,71.69,40,3
M1,Trochee,Bck,Lower lip,88,48.23,32,2.5
M1,Trochee,Cntr,Tongue body,120,76.14,108,4.2
M1,Dactyl,Brd,Tongue body,152,79.04,64,6.4
M1,Trochee,Nrw,Tongue body,88,77.24,64,4.3
M1,Dactyl,Nrw,Lower lip,124,99.29,56,9
M1,Trochee,Nrw,Tongue tip,84,95.96,60,4.3
M1,Trochee,Bck,Tongue tip,72,52.57,24,2.9
M1,Dactyl,Nrw,Lower lip,68,46.03,32,2.1
M1,Trochee,Bck,Lower lip,80,84.44,48,4.6
M1,Trochee,Nrw,Tongue body,96,60.11,68,3.5
M1,Trochee,Brd,Tongue body,148,96.36,64,8.7
M1,Trochee,Bck,Tongue tip,72,38.13,52,1.9
M1,Trochee,Brd,Lower lip,100,87.24,44,5.6
M1,Dactyl,Cntr,Tongue body,140,58.8,44,4.7
M1,Trochee,Bck,Tongue body,112,80.88,84,6
M1,Dactyl,Brd,Tongue body,76,76.36,56,3.7
M1,Dactyl,Bck,Tongue body,80,85.85,60,4.3
M1,Trochee,Nrw,Tongue tip,88,84.25,56,4.6
M1,Trochee,Nrw,Lower lip,124,89.21,80,7.3
M1,Dactyl,Nrw,Tongue body,144,75.29,56,7.8
M1,Trochee,Cntr,Tongue tip,88,73.55,24,4.9
M1,Trochee,Cntr,Lower lip,96,81.97,44,5
M1,Dactyl,Cntr,Lower lip,96,69.2,44,4.6
M1,Dactyl,Nrw,Tongue tip,88,69.87,64,3.3
M1,Dactyl,Bck,Lower lip,96,60.84,44,3.8
M1,Trochee,Cntr,Tongue body,96,78.02,76,4.7
M1,Trochee,Brd,Tongue tip,72,77.52,32,4.1
M1,Dactyl,Brd,Lower lip,104,107.59,56,7.2
M1,Dactyl,Brd,Tongue tip,84,30.43,64,1.4
M1,Trochee,Bck,Tongue body,86.3,63.93,64.2,3.5
M1,Trochee,Brd,Tongue body,184,102.75,124,10.6
M1,Dactyl,Nrw,Tongue tip,104,97.04,72,4.4
M1,Trochee,Cntr,Tongue body,84,77.74,64,3.9
M1,Trochee,Nrw,Tongue body,76,34.53,56,1.7
M1,Trochee,Cntr,Lower lip,100,75.12,60,5
M1,Trochee,Nrw,Lower lip,80,96.56,40,5
M1,Dactyl,Cntr,Tongue body,60,61.49,40,2.7
M1,Trochee,Brd,Tongue tip,100,108.2,48,7.4
M1,Dactyl,Brd,Lower lip,100,61.14,56,4.3
M1,Trochee,Nrw,Tongue tip,96,94.9,52,5.9
M1,Dactyl,Cntr,Lower lip,92,38.27,44,2.4
M1,Trochee,Cntr,Tongue tip,112,118.57,64,7.2
M1,Trochee,Brd,Lower lip,72,46.46,40,2.1
M1,Dactyl,Bck,Tongue tip,92,63.19,44,3.9
M1,Dactyl,Nrw,Lower lip,88,37.88,80,2.2
M1,Dactyl,Bck,Lower lip,72,66.22,36,3.4
M1,Dactyl,Nrw,Tongue body,120,54.82,108,3.4
M1,Dactyl,Cntr,Tongue tip,88,40.41,64,1.8
M1,Dactyl,Brd,Tongue body,104,62.23,84,3.6
M1,Trochee,Bck,Tongue tip,56,86.96,36,2.9
M1,Dactyl,Bck,Tongue body,100,77.42,84,4.3
M1,Dactyl,Brd,Tongue tip,84,53.76,64,2.6
M1,Trochee,Nrw,Lower lip,56,72.97,40,2.7
M1,Dactyl,Brd,Lower lip,64,49.11,44,2.2
M1,Trochee,Bck,Tongue tip,104,51.82,76,2.6
M1,Dactyl,Bck,Tongue body,92,67.59,72,4.6
M1,Trochee,Brd,Tongue tip,96,59.09,72,2.9
M1,Dactyl,Cntr,Tongue tip,168,98.7,128,6.9
M1,Trochee,Brd,Tongue body,132,81.07,108,6
M1,Dactyl,Cntr,Lower lip,112,61.76,64,4.7
M1,Dactyl,Brd,Tongue body,136,64.53,116,3.9
M1,Trochee,Nrw,Tongue body,84,65.6,68,3.5
M1,Trochee,Cntr,Tongue tip,80,94.01,56,4
M1,Trochee,Cntr,Lower lip,92,80.62,52,5.3
M1,Dactyl,Bck,Tongue tip,84,47.97,64,2.7
M1,Trochee,Brd,Lower lip,96,103.9,56,6.5
M1,Dactyl,Nrw,Lower lip,84,49.73,32,3
M1,Trochee,Bck,Lower lip,76,74.8,44,3.6
M1,Trochee,Cntr,Tongue body,104,61.34,84,4.2
M1,Dactyl,Brd,Tongue tip,80,69.45,56,3.3
M1,Dactyl,Cntr,Tongue body,72,73.26,64,3.6
M1,Trochee,Nrw,Tongue tip,92,71.73,56,4.4
M1,Dactyl,Bck,Lower lip,112,107.95,72,7.6
M1,Dactyl,Nrw,Tongue body,152,64.81,132,4.6
M1,Trochee,Bck,Tongue body,104,96.24,96,5.4
M1,Dactyl,Brd,Tongue body,56,55.51,40,2.1
M1,Trochee,Nrw,Lower lip,88,66.11,40,4.1
M1,Dactyl,Cntr,Tongue tip,80,75.67,48,4.2
M1,Trochee,Cntr,Tongue body,76,51.62,60,2.4
M1,Dactyl,Bck,Tongue body,136,76.36,104,6.6
M1,Trochee,Brd,Tongue tip,60,123.63,40,4.3
M1,Dactyl,Cntr,Tongue body,64,44.94,52,1.9
M1,Dactyl,Nrw,Lower lip,64,80.33,40,3.6
M1,Trochee,Bck,Lower lip,100,74.75,40,5.4
M1,Trochee,Brd,Lower lip,92,79.08,40,4.7
M1,Dactyl,Nrw,Tongue tip,104,116.5,64,5.7
M1,Dactyl,Cntr,Lower lip,60,93.04,48,3.6
M1,Trochee,Cntr,Tongue tip,84,55.74,56,3
M1,Trochee,Nrw,Tongue tip,78.5,54.47,26.6,3.5
M1,Trochee,Bck,Tongue tip,72,57.38,44,2.6
M1,Trochee,Nrw,Tongue body,184,82.05,156,8.7
M1,Dactyl,Brd,Tongue tip,80,38.22,60,1.9
M1,Dactyl,Brd,Lower lip,44,65.36,28,2
M1,Trochee,Cntr,Lower lip,76,84.57,36,4.1
M1,Trochee,Brd,Tongue body,96,101.76,76,5
M1,Trochee,Bck,Tongue body,128,80.42,112,6
M1,Dactyl,Bck,Lower lip,140,47.68,108,4
M1,Dactyl,Bck,Tongue tip,88,81.89,60,3.9
M1,Trochee,Cntr,Tongue body,92,39.19,72,2.3
M1,Dactyl,Brd,Tongue tip,88,71.69,68,3.9
M1,Dactyl,Bck,Tongue tip,60,45.49,44,1.5
M1,Trochee,Brd,Lower lip,80,47.72,32,2.4
M1,Trochee,Bck,Tongue tip,64,69.28,24,2.8
M1,Dactyl,Cntr,Tongue tip,72,62.58,52,2.8
M1,Trochee,Cntr,Lower lip,88,63.92,44,3.5
M1,Trochee,Nrw,Tongue tip,80,75.64,52,3.5
M1,Trochee,Nrw,Lower lip,88,95.54,44,5.9
M1,Dactyl,Brd,Tongue body,112,65.6,100,3.8
M1,Dactyl,Nrw,Tongue tip,84,89.2,48,4.6
M1,Trochee,Brd,Tongue body,224,82.66,136,11.6
M1,Trochee,Nrw,Tongue body,168,103.42,156,9.5
M1,Dactyl,Nrw,Lower lip,72,80.93,40,4
M1,Dactyl,Nrw,Tongue body,68,41.83,48,1.9
M1,Dactyl,Cntr,Lower lip,64,82.87,40,3.7
M1,Trochee,Brd,Tongue tip,40,82.75,32,2.7
M1,Dactyl,Bck,Lower lip,76,107.76,44,5
M1,Dactyl,Brd,Lower lip,96,41.3,44,2.6
M1,Trochee,Cntr,Tongue tip,80,44.2,52,1.9
M1,Dactyl,Bck,Tongue body,108,79.49,100,3.3
M1,Trochee,Bck,Lower lip,96,54.14,44,3.4
M2,Trochee,Brd,Tongue tip,52,55.93,24,1.9
M2,Trochee,Cntr,Tongue body,144,103.81,108,9
M2,Dactyl,Bck,Lower lip,116,71.25,68.2,5.6
M2,Dactyl,Brd,Lower lip,68,60.34,52,2.9
M2,Trochee,Nrw,Tongue tip,72,86.6,44,4
M2,Trochee,Nrw,Lower lip,116,54.01,64,3.7
M2,Dactyl,Brd,Tongue body,108,78.77,80,5.3
M2,Trochee,Nrw,Tongue body,120,77.86,100,5.6
M2,Dactyl,Cntr,Tongue body,104,81.75,72,5.4
M2,Dactyl,Bck,Tongue tip,80,84,56,4.8
M2,Trochee,Bck,Lower lip,84,45.01,44,2.4
M2,Trochee,Brd,Lower lip,84,71.62,64,4.2
M2,Dactyl,Cntr,Lower lip,100,122.09,72,7.6
M2,Dactyl,Nrw,Tongue body,92,67.79,80,4
M2,Trochee,Brd,Tongue body,144,119.13,96,9.8
M2,Dactyl,Nrw,Lower lip,96,58.64,60,4
M2,Dactyl,Brd,Tongue tip,76,132.98,48,6.5
M2,Trochee,Cntr,Tongue tip,72,105.61,40,5.4
M2,Dactyl,Cntr,Tongue tip,84,115.26,52,6.7
M2,Dactyl,Bck,Tongue body,188,65.94,124,8
M2,Dactyl,Nrw,Tongue tip,80,103.1,48,5.6
M2,Trochee,Cntr,Lower lip,104,73.07,60,4.9
M2,Dactyl,Cntr,Tongue body,140,78.08,56,7.8
M2,Trochee,Bck,Tongue body,140,113.62,108,9.6
M2,Dactyl,Bck,Tongue tip,73.8,94.1,41.8,4.5
M2,Dactyl,Cntr,Tongue body,107.8,63.42,68,5
M2,Dactyl,Brd,Tongue tip,80,77.09,56,4.3
M2,Dactyl,Nrw,Lower lip,112,102.27,44,6.9
M2,Trochee,Cntr,Tongue body,180,102.91,108,11.6
M2,Trochee,Bck,Tongue tip,80,73.94,44,4.1
M2,Trochee,Bck,Tongue tip,88,56.59,60,3.5
M2,Trochee,Bck,Tongue body,128,100.61,96,8.1
M2,Dactyl,Cntr,Tongue tip,84,96.04,48,5.4
M2,Trochee,Brd,Lower lip,100,81.5,52,5.2
M2,Dactyl,Cntr,Lower lip,96,76.56,48,4.5
M2,Trochee,Cntr,Lower lip,76,65.31,60,2.5
M2,Trochee,Nrw,Tongue tip,84,74.66,48,4.5
M2,Dactyl,Nrw,Tongue tip,60,132.67,36,5.4
M2,Trochee,Nrw,Lower lip,120,68.17,64,5.6
M2,Trochee,Brd,Lower lip,128,96.69,80,7.4
M2,Dactyl,Bck,Tongue body,144,70.54,60,7.5
M2,Trochee,Nrw,Tongue body,192,82.95,144,9.9
M2,Trochee,Bck,Lower lip,88.1,68.36,70.7,4.3
M2,Dactyl,Brd,Tongue body,108,73.4,68,5.8
M2,Trochee,Brd,Tongue body,144,82.43,100,7.4
M2,Dactyl,Nrw,Tongue body,144,60.29,76,6
M2,Dactyl,Cntr,Tongue tip,72,89.88,48,4.3
M2,Dactyl,Bck,Lower lip,108,88.9,76,6.8
M2,Trochee,Bck,Tongue body,120,98.37,72,7.4
M2,Trochee,Nrw,Lower lip,108,120.2,68,8.3
M2,Trochee,Bck,Lower lip,156,81.4,96,7
M2,Trochee,Brd,Tongue body,128,64.84,104,5.1
M2,Dactyl,Cntr,Tongue body,200,84.59,116,9.8
M2,Trochee,Cntr,Lower lip,128,133.89,68,9.9
M2,Dactyl,Bck,Tongue body,116,70.57,84,4.4
M2,Dactyl,Nrw,Lower lip,92,96.96,52,6.4
M2,Dactyl,Cntr,Tongue tip,104,80.9,85,5.2
M2,Trochee,Nrw,Tongue tip,116,71.96,32,5.5
M2,Dactyl,Brd,Tongue body,176,84.51,104,9.4
M2,Trochee,Nrw,Tongue body,148,126.08,108,10.3
M2,Trochee,Brd,Tongue tip,84.4,102.72,43.2,5.9
M2,Trochee,Brd,Lower lip,112.6,50.17,78.2,4.6
M2,Trochee,Cntr,Tongue tip,124,52.52,88,4
M2,Dactyl,Cntr,Lower lip,108,70.47,52,5.4
M2,Dactyl,Nrw,Tongue tip,92,114.04,60,7.2
M2,Trochee,Bck,Tongue tip,84,113.45,60,6.2
M2,Dactyl,Nrw,Tongue body,136,92.82,76,7.6
M2,Dactyl,Brd,Tongue tip,61.5,82.86,29.5,3.3
M2,Dactyl,Bck,Tongue tip,72,122.67,36,5.4
M2,Dactyl,Brd,Lower lip,92,117.56,44,7
M2,Dactyl,Bck,Lower lip,92,89.36,40,5.6
M2,Trochee,Cntr,Tongue body,128,99.02,100,7.1
M2,Dactyl,Brd,Tongue body,84,63.9,52,3.5
M2,Dactyl,Bck,Tongue tip,72,72.83,44,3.9
M2,Trochee,Nrw,Lower lip,116,97.65,60,7
M2,Trochee,Cntr,Lower lip,124,110.31,72,9.2
M2,Dactyl,Nrw,Tongue body,72,40.76,48,1.7
M2,Dactyl,Bck,Tongue body,128,79.31,60,6.8
M2,Trochee,Nrw,Tongue body,217.7,132.25,136.3,13.8
M2,Dactyl,Brd,Tongue tip,86.6,61.46,24,4.5
M2,Dactyl,Nrw,Lower lip,108,122.15,72,8.1
M2,Dactyl,Cntr,Lower lip,92,135.53,52,7.8
M2,Dactyl,Cntr,Tongue tip,104,99.42,72,5.5
M2,Trochee,Cntr,Tongue tip,124,74.37,52,6.5
M2,Dactyl,Nrw,Tongue tip,90.9,59.58,36,4.3
M2,Dactyl,Bck,Lower lip,104,100.83,60,5.6
M2,Trochee,Cntr,Tongue body,108,99.5,100,5.9
M2,Trochee,Bck,Tongue tip,76,118.96,48,5.8
M2,Dactyl,Brd,Lower lip,108,75.05,52,6.1
M2,Trochee,Brd,Tongue tip,88,72.27,60,4.8
M2,Dactyl,Nrw,Tongue tip,96,78.73,32,5.1
M2,Trochee,Brd,Lower lip,88,108.61,68,6.6
M2,Trochee,Brd,Tongue body,112,92.77,88,5.6
M2,Trochee,Bck,Lower lip,124,91.54,80,5.7
M2,Dactyl,Nrw,Tongue body,166.3,54.04,112,7.3
M2,Trochee,Bck,Tongue body,136,91.03,116,7.2
M2,Dactyl,Nrw,Lower lip,100,119.52,56,7.3
M2,Dactyl,Cntr,Lower lip,96,126.47,72,7.2
M2,Trochee,Bck,Lower lip,84,82.9,64,4.3
M2,Dactyl,Bck,Lower lip,96,78.26,68,5.2
M2,Trochee,Brd,Tongue tip,80,102.09,56,5.6
M2,Trochee,Nrw,Tongue body,148,117.64,104,10.4
M2,Trochee,Nrw,Tongue tip,92,104.98,60,6.1
M2,Trochee,Brd,Tongue body,180,100.57,132,10.6
M2,Trochee,Brd,Lower lip,104,56.15,96,1.7
M2,Dactyl,Nrw,Tongue body,136,87.3,84,7.7
M2,Dactyl,Cntr,Tongue tip,84.9,69.2,40,4.8
M2,Trochee,Nrw,Lower lip,112,80.4,56,6.3
M2,Dactyl,Brd,Lower lip,108,156.5,60,10.1
M2,Dactyl,Brd,Tongue tip,80,66.89,60,4.1
M2,Trochee,Bck,Tongue body,96,32.87,68,2.1
M2,Trochee,Cntr,Tongue body,152,104.85,104,9.5
M2,Dactyl,Brd,Tongue body,160,108.79,84,10.2
M2,Dactyl,Nrw,Tongue tip,81.3,46.04,22.9,3.2
M2,Trochee,Cntr,Lower lip,149.6,129.12,110,10.2
M2,Dactyl,Bck,Tongue body,156,139.93,88,14.4
M2,Trochee,Bck,Tongue tip,80,146.24,48,7.2
M2,Dactyl,Cntr,Tongue body,119.8,70.77,51.9,6.3
M2,Trochee,Brd,Tongue tip,92,105.48,56,6.1
M2,Dactyl,Bck,Lower lip,68,149.29,52,6.5
M2,Trochee,Bck,Tongue tip,68,99.98,36,5
M2,Trochee,Cntr,Tongue body,120.4,124.99,60,11.4
M2,Dactyl,Bck,Tongue tip,72,71.89,36,3.5
M2,Dactyl,Brd,Tongue body,120,115.35,48,7.5
M2,Dactyl,Brd,Lower lip,108,112.3,52,7.7
M2,Trochee,Nrw,Tongue tip,84,76.73,56,4.5
M2,Trochee,Bck,Tongue body,116,102.98,56,7.4
M2,Trochee,Nrw,Tongue body,48,81.61,28,2.6
M2,Dactyl,Nrw,Tongue body,132,130.01,52,11.6
M2,Dactyl,Brd,Tongue tip,80,92.93,56,5
M2,Trochee,Bck,Lower lip,96,116.5,48,6.7
M2,Dactyl,Cntr,Lower lip,121.8,134.93,93.7,11.7
M2,Dactyl,Bck,Tongue body,72,93.29,56,4.5
M2,Trochee,Cntr,Lower lip,168.1,101.92,101.2,9.5
M2,Trochee,Brd,Tongue body,22,124.64,12,1.8
M2,Trochee,Brd,Lower lip,148.1,64.3,88.9,5.1
M2,Trochee,Nrw,Lower lip,92,98.76,64,5.4
M2,Dactyl,Nrw,Lower lip,112,120.04,64,8.1
M2,Dactyl,Cntr,Tongue body,56,155.76,40,4.8
M2,Trochee,Brd,Tongue tip,91.2,54.42,24,3.8
M2,Trochee,Bck,Lower lip,96.6,125.7,52,6.5
M2,Dactyl,Nrw,Tongue body,96,104.57,72,4.9
M2,Trochee,Cntr,Tongue body,76,97.32,52,4.5
M2,Dactyl,Brd,Tongue tip,80,69.21,56,4.3
M2,Dactyl,Bck,Lower lip,98.6,115.17,66.6,6.8
M2,Dactyl,Brd,Lower lip,104,80.89,68,5.8
M2,Dactyl,Nrw,Lower lip,80,95.82,44,5.6
M2,Dactyl,Cntr,Tongue tip,76,68.53,36,3.3
M2,Trochee,Nrw,Lower lip,100,96.22,68,6.2
M2,Dactyl,Brd,Tongue body,40,42.63,28,1.2
M2,Trochee,Cntr,Tongue tip,92,170.17,48,9.4
M2,Trochee,Nrw,Tongue tip,76,94.71,40,4.9
M2,Dactyl,Bck,Tongue body,100,63.2,52,3.5
M2,Dactyl,Cntr,Lower lip,104,122.88,52,6.8
M2,Dactyl,Nrw,Tongue tip,92,134.16,60,7.5
M2,Trochee,Cntr,Lower lip,113.7,98.74,96.5,4.7
M2,Trochee,Brd,Lower lip,76,62.48,56,2.9
M2,Trochee,Brd,Tongue body,108,102.62,76,6.3
M2,Trochee,Bck,Tongue tip,68,138.27,32,6.1
M2,Trochee,Bck,Tongue body,80.9,64.17,48,3.8
